arxiv_id,timestamp,pagerank_score
2405.13828,2025-10-26 17:36:01.440038,0.007492983927987
2406.0205,2025-10-26 17:36:01.440038,0.0064815468760914
2310.05189,2025-10-26 17:36:01.440038,0.0083489403510319
2403.13369,2025-10-26 17:36:01.440038,0.0067940071630742
2210.04186,2025-10-26 17:36:01.440038,0.0055711379755736
2306.15498,2025-10-26 17:36:01.440038,0.0061911570110621
2204.14146,2025-10-26 17:36:01.440038,0.012109262497085
2404.17,2025-10-26 17:36:01.440038,0.0067532219600076
2308.16149,2025-10-26 17:36:01.440038,0.0061848460242102
2407.20046,2025-10-26 17:36:01.440038,0.0076153727491964
2402.12065,2025-10-26 17:36:01.440038,0.0064985250139541
2403.15062,2025-10-26 17:36:01.440038,0.00679892438662
2508.19294,2025-10-26 17:36:01.440038,0.0066056994224238
2305.18098,2025-10-26 17:36:01.440038,0.0069976383461316
2406.13718,2025-10-26 17:36:01.440038,0.0076843247016321
2204.02515,2025-10-26 17:36:01.440038,0.00599897687868
2206.05395,2025-10-26 17:36:01.440038,0.006408210659739
2211.03263,2025-10-26 17:36:01.440038,0.0065805844800339
2207.10245,2025-10-26 17:36:01.440038,0.0060469460241608
2402.14679,2025-10-26 17:36:01.440038,0.0065299334411901
2310.14025,2025-10-26 17:36:01.440038,0.0072119926414874
2305.07766,2025-10-26 17:36:01.440038,0.0065786701391107
2410.08851,2025-10-26 17:36:01.440038,0.0072197936902722
2211.02956,2025-10-26 17:36:01.440038,0.0056801511250554
2309.02144,2025-10-26 17:36:01.440038,0.0066550987128166
2309.13734,2025-10-26 17:36:01.440038,0.0065445049176575
2312.05434,2025-10-26 17:36:01.440038,0.0068204496689153
2310.00034,2025-10-26 17:36:01.440038,0.0063588333919602
2306.12174,2025-10-26 17:36:01.440038,0.0062768259594797
2402.09977,2025-10-26 17:36:01.440038,0.006418242299982
2312.12141,2025-10-26 17:36:01.440038,0.0069604973100638
2311.0889,2025-10-26 17:36:01.440038,0.0061123141973932
2212.03812,2025-10-26 17:36:01.440038,0.0057453938640923
2409.11353,2025-10-26 17:36:01.440038,0.0073681556394618
2310.19671,2025-10-26 17:36:01.440038,0.0063610980609474
2507.02768,2025-10-26 17:36:01.440038,0.0069264989727732
2312.06056,2025-10-26 17:36:01.440038,0.0071883053408378
2205.06644,2025-10-26 17:36:01.440038,0.0067582568012079
2311.05741,2025-10-26 17:36:01.440038,0.0079323066619976
2503.0183,2025-10-26 17:36:01.440038,0.0066068024768259
2407.08029,2025-10-26 17:36:01.440038,0.0076650098597263
2311.04124,2025-10-26 17:36:01.440038,0.0064235312713073
2312.00249,2025-10-26 17:36:01.440038,0.0063010533844536
2305.14982,2025-10-26 17:36:01.440038,0.0065435819944422
2205.11601,2025-10-26 17:36:01.440038,0.0065154009311901
2310.15941,2025-10-26 17:36:01.440038,0.0066878691687214
2412.11937,2025-10-26 17:36:01.440038,0.007432324913132
2402.11651,2025-10-26 17:36:01.440038,0.0066286534279755
2405.11357,2025-10-26 17:36:01.440038,0.0073573778761467
2305.14257,2025-10-26 17:36:01.440038,0.009896036801412
2310.02457,2025-10-26 17:36:01.440038,0.0172535075213943
2307.12114,2025-10-26 17:36:01.440038,0.0095268401689731
2503.21676,2025-10-26 17:36:01.440038,0.0070196601263956
2410.20238,2025-10-26 17:36:01.440038,0.0085929368658175
2310.00905,2025-10-26 17:36:01.440038,0.0064779794093097
2205.15231,2025-10-26 17:36:01.440038,0.0062675099466578
2310.18357,2025-10-26 17:36:01.440038,0.0061098431757466
2402.148,2025-10-26 17:36:01.440038,0.0072631244180846
2207.08179,2025-10-26 17:36:01.440038,0.0065967212991986
2306.06371,2025-10-26 17:36:01.440038,0.0097389735868435
2408.1304,2025-10-26 17:36:01.440038,0.0069994601944151
2402.07841,2025-10-26 17:36:01.440038,0.0075164732974347
2206.08082,2025-10-26 17:36:01.440038,0.0060196576180366
2305.05658,2025-10-26 17:36:01.440038,0.0114973300936629
2212.00851,2025-10-26 17:36:01.440038,0.0065313545349345
2205.12689,2025-10-26 17:36:01.440038,0.0062689550586103
2211.11678,2025-10-26 17:36:01.440038,0.0057203408334548
2409.15188,2025-10-26 17:36:01.440038,0.0075578981674923
2306.13549,2025-10-26 17:36:01.440038,0.0190038732104212
2306.08568,2025-10-26 17:36:01.440038,0.0122153035106598
2309.04041,2025-10-26 17:36:01.440038,0.0061104310456905
2204.06745,2025-10-26 17:36:01.440038,0.0080023853504824
2404.16891,2025-10-26 17:36:01.440038,0.0070015268635565
2403.14702,2025-10-26 17:36:01.440038,0.0069970797966965
2306.13394,2025-10-26 17:36:01.440038,0.0133773975799934
2308.16118,2025-10-26 17:36:01.440038,0.0068452153316216
2304.12244,2025-10-26 17:36:01.440038,0.0068971957705151
2507.03435,2025-10-26 17:36:01.440038,0.0075989492140764
2201.07207,2025-10-26 17:36:01.440038,0.0066738567268627
2304.10464,2025-10-26 17:36:01.440038,0.0063636604319375
2204.01691,2025-10-26 17:36:01.440038,0.0085091247639052
2407.01505,2025-10-26 17:36:01.440038,0.0070039394808901
2502.17419,2025-10-26 17:36:01.440038,0.006472694070981
2309.01446,2025-10-26 17:36:01.440038,0.0064086245292157
2405.19266,2025-10-26 17:36:01.440038,0.0074126533420543
2502.19573,2025-10-26 17:36:01.440038,0.0064359890388851
2503.21614,2025-10-26 17:36:01.440038,0.0070580894078264
2212.11685,2025-10-26 17:36:01.440038,0.0062457869187787
2406.11193,2025-10-26 17:36:01.440038,0.0065978730790991
2401.10034,2025-10-26 17:36:01.440038,0.0360863306763501
2209.07118,2025-10-26 17:36:01.440038,0.0062080730782768
2311.01825,2025-10-26 17:36:01.440038,0.0063402076588845
2204.05717,2025-10-26 17:36:01.440038,0.0058080079203526
2402.04477,2025-10-26 17:36:01.440038,0.0063308961646786
2212.06094,2025-10-26 17:36:01.440038,0.0059364980752692
2504.07887,2025-10-26 17:36:01.440038,0.0072175707849565
2310.10159,2025-10-26 17:36:01.440038,0.0060622389315358
2507.12472,2025-10-26 17:36:01.440038,0.0070574848961874
2501.07653,2025-10-26 17:36:01.440038,0.0073007814943678
2210.03162,2025-10-26 17:36:01.440038,0.0062118447507614
2410.08851,2025-11-05 17:36:01.440038,0.0086210364059854
2312.00249,2025-11-05 17:36:01.440038,0.0068831249209509
2407.20046,2025-11-05 17:36:01.440038,0.008056647870345
2308.16118,2025-11-05 17:36:01.440038,0.0069299794867045
2205.06644,2025-11-05 17:36:01.440038,0.0071800566912525
2402.04477,2025-11-05 17:36:01.440038,0.0082468553053196
2507.02768,2025-11-05 17:36:01.440038,0.0077933228274925
2407.01505,2025-11-05 17:36:01.440038,0.0077383358658868
2402.14679,2025-11-05 17:36:01.440038,0.0073916241601192
2309.13734,2025-11-05 17:36:01.440038,0.0081930775324934
2311.0889,2025-11-05 17:36:01.440038,0.0072972881537142
2504.07887,2025-11-05 17:36:01.440038,0.0074270628093957
2507.03435,2025-11-05 17:36:01.440038,0.007776605186015
2503.0183,2025-11-05 17:36:01.440038,0.0083494210418049
2309.04041,2025-11-05 17:36:01.440038,0.0072302165527654
2404.16891,2025-11-05 17:36:01.440038,0.0079820959285191
2403.13369,2025-11-05 17:36:01.440038,0.0078162653635421
2501.07653,2025-11-05 17:36:01.440038,0.0084471171115423
2306.06371,2025-11-05 17:36:01.440038,0.0104158296179427
2306.15498,2025-11-05 17:36:01.440038,0.0073056370137647
2403.15062,2025-11-05 17:36:01.440038,0.0080451442686584
2207.08179,2025-11-05 17:36:01.440038,0.0076167502146581
2312.05434,2025-11-05 17:36:01.440038,0.0067657132001992
2204.05717,2025-11-05 17:36:01.440038,0.0069739595924905
2205.15231,2025-11-05 17:36:01.440038,0.0070687716751157
2310.02457,2025-11-05 17:36:01.440038,0.0205076953063869
2206.05395,2025-11-05 17:36:01.440038,0.0064482502356008
2211.11678,2025-11-05 17:36:01.440038,0.0064063163640248
2311.01825,2025-11-05 17:36:01.440038,0.0069977809592492
2503.21676,2025-11-05 17:36:01.440038,0.0076831393046011
2508.19294,2025-11-05 17:36:01.440038,0.0082045032926511
2212.00851,2025-11-05 17:36:01.440038,0.0076480480568829
2405.11357,2025-11-05 17:36:01.440038,0.007980607277146
2406.11193,2025-11-05 17:36:01.440038,0.0074165906758909
2207.10245,2025-11-05 17:36:01.440038,0.0065034703705874
2310.15941,2025-11-05 17:36:01.440038,0.0070785381814934
2211.02956,2025-11-05 17:36:01.440038,0.0073026839336435
2310.10159,2025-11-05 17:36:01.440038,0.0071710160917442
2402.148,2025-11-05 17:36:01.440038,0.0080304963549788
2210.03162,2025-11-05 17:36:01.440038,0.0070190837346515
2212.11685,2025-11-05 17:36:01.440038,0.0072745955006825
2503.21614,2025-11-05 17:36:01.440038,0.0083085247434812
2507.12472,2025-11-05 17:36:01.440038,0.0078267518252788
2209.07118,2025-11-05 17:36:01.440038,0.0074690892988759
2206.08082,2025-11-05 17:36:01.440038,0.0068455162757241
2502.19573,2025-11-05 17:36:01.440038,0.0073903528494132
2310.00034,2025-11-05 17:36:01.440038,0.0081843965440088
2309.02144,2025-11-05 17:36:01.440038,0.0078233058304951
2305.07766,2025-11-05 17:36:01.440038,0.0075823465278626
2405.19266,2025-11-05 17:36:01.440038,0.0077574430116747
2310.14025,2025-11-05 17:36:01.440038,0.0078861016422171
2211.03263,2025-11-05 17:36:01.440038,0.0067684321250946
2204.02515,2025-11-05 17:36:01.440038,0.0067394560195388
2310.18357,2025-11-05 17:36:01.440038,0.0072971799853119
2401.10034,2025-11-05 17:36:01.440038,0.0391025557058198
2212.06094,2025-11-05 17:36:01.440038,0.0063507538064947
2309.01446,2025-11-05 17:36:01.440038,0.0075587786809769
2204.01691,2025-11-05 17:36:01.440038,0.0081360215169969
2201.07207,2025-11-05 17:36:01.440038,0.0075002190118047
2304.10464,2025-11-05 17:36:01.440038,0.0078807109795684
2304.12244,2025-11-05 17:36:01.440038,0.0072320462936444
2306.13394,2025-11-05 17:36:01.440038,0.0164948374344442
2204.06745,2025-11-05 17:36:01.440038,0.0086470969923183
2403.14702,2025-11-05 17:36:01.440038,0.0075486189935426
2306.08568,2025-11-05 17:36:01.440038,0.0142302662418193
2306.13549,2025-11-05 17:36:01.440038,0.0201452967924784
2205.12689,2025-11-05 17:36:01.440038,0.0070798285001635
2409.15188,2025-11-05 17:36:01.440038,0.0073819768458057
2305.05658,2025-11-05 17:36:01.440038,0.0131429653262448
2402.07841,2025-11-05 17:36:01.440038,0.0078904880915764
2502.17419,2025-11-05 17:36:01.440038,0.0075954778871659
2408.1304,2025-11-05 17:36:01.440038,0.0075327454908499
2305.18098,2025-11-05 17:36:01.440038,0.0079618522219199
2406.13718,2025-11-05 17:36:01.440038,0.0084215486308236
2205.11601,2025-11-05 17:36:01.440038,0.0076625391559899
2402.09977,2025-11-05 17:36:01.440038,0.008614470088493
2412.11937,2025-11-05 17:36:01.440038,0.0083854816626054
2311.04124,2025-11-05 17:36:01.440038,0.0077099237545179
2405.13828,2025-11-05 17:36:01.440038,0.0083205238507212
2311.05741,2025-11-05 17:36:01.440038,0.0090105410490445
2402.11651,2025-11-05 17:36:01.440038,0.0078303553331274
2402.12065,2025-11-05 17:36:01.440038,0.0081190533051661
2407.08029,2025-11-05 17:36:01.440038,0.0072851373759021
2305.14257,2025-11-05 17:36:01.440038,0.0126495130729346
2410.20238,2025-11-05 17:36:01.440038,0.0104157460792891
2307.12114,2025-11-05 17:36:01.440038,0.009752614951579
2310.00905,2025-11-05 17:36:01.440038,0.007234502624427
2312.06056,2025-11-05 17:36:01.440038,0.0080083526521617
2305.14982,2025-11-05 17:36:01.440038,0.0068952042953289
2210.04186,2025-11-05 17:36:01.440038,0.006838304990581
2312.12141,2025-11-05 17:36:01.440038,0.0068961418437033
2406.0205,2025-11-05 17:36:01.440038,0.0074435480096525
2306.12174,2025-11-05 17:36:01.440038,0.0071938322009663
2308.16149,2025-11-05 17:36:01.440038,0.0080224952062664
2310.05189,2025-11-05 17:36:01.440038,0.0096025062321032
2310.19671,2025-11-05 17:36:01.440038,0.0068742891121976
2212.03812,2025-11-05 17:36:01.440038,0.0068718197302991
2204.14146,2025-11-05 17:36:01.440038,0.0141810937654171
2404.17,2025-11-05 17:36:01.440038,0.0077644383380514
2409.11353,2025-11-05 17:36:01.440038,0.0076573244322529
2308.16118,2025-11-15 17:36:01.440038,0.0084375572098856
2407.08029,2025-11-15 17:36:01.440038,0.0080562100325293
2304.10464,2025-11-15 17:36:01.440038,0.0081202847502754
2212.00851,2025-11-15 17:36:01.440038,0.007448691742611
2412.11937,2025-11-15 17:36:01.440038,0.0090896785217503
2402.14679,2025-11-15 17:36:01.440038,0.0089623859960273
2403.14702,2025-11-15 17:36:01.440038,0.0079257238444378
2406.13718,2025-11-15 17:36:01.440038,0.0086651666165474
2410.20238,2025-11-15 17:36:01.440038,0.010598633885286
2501.07653,2025-11-15 17:36:01.440038,0.0091007538000058
2503.0183,2025-11-15 17:36:01.440038,0.0096024419365976
2408.1304,2025-11-15 17:36:01.440038,0.0096376005922001
2311.01825,2025-11-15 17:36:01.440038,0.007550890259333
2502.19573,2025-11-15 17:36:01.440038,0.0082885245836178
2406.0205,2025-11-15 17:36:01.440038,0.007999508049051
2310.02457,2025-11-15 17:36:01.440038,0.0212359229580904
2211.02956,2025-11-15 17:36:01.440038,0.0075149599656474
2507.12472,2025-11-15 17:36:01.440038,0.0086474985947775
2404.17,2025-11-15 17:36:01.440038,0.0084898519089984
2310.18357,2025-11-15 17:36:01.440038,0.0086511574304082
2508.19294,2025-11-15 17:36:01.440038,0.0081388714689955
2310.14025,2025-11-15 17:36:01.440038,0.007816164382489
2403.13369,2025-11-15 17:36:01.440038,0.0085922436494761
2409.15188,2025-11-15 17:36:01.440038,0.0079604445446439
2409.11353,2025-11-15 17:36:01.440038,0.009435420466645
2204.01691,2025-11-15 17:36:01.440038,0.0105173654469056
2407.01505,2025-11-15 17:36:01.440038,0.00903557071861
2309.02144,2025-11-15 17:36:01.440038,0.0079052435647427
2305.07766,2025-11-15 17:36:01.440038,0.0085879498316074
2402.148,2025-11-15 17:36:01.440038,0.0092860092995218
2211.03263,2025-11-15 17:36:01.440038,0.00857073489192
2204.02515,2025-11-15 17:36:01.440038,0.0085463922059766
2305.18098,2025-11-15 17:36:01.440038,0.0082939481091565
2402.12065,2025-11-15 17:36:01.440038,0.0080939487775101
2308.16149,2025-11-15 17:36:01.440038,0.0075827537973854
2204.14146,2025-11-15 17:36:01.440038,0.013509348595455
2210.04186,2025-11-15 17:36:01.440038,0.0075938817378013
2310.05189,2025-11-15 17:36:01.440038,0.0114609279717102
2306.12174,2025-11-15 17:36:01.440038,0.0085506768016893
2402.09977,2025-11-15 17:36:01.440038,0.0092712915967903
2310.00905,2025-11-15 17:36:01.440038,0.0087699670654678
2307.12114,2025-11-15 17:36:01.440038,0.0111503794571967
2310.00034,2025-11-15 17:36:01.440038,0.0077849113480642
2305.14257,2025-11-15 17:36:01.440038,0.0124273591359741
2206.08082,2025-11-15 17:36:01.440038,0.0075070633808772
2503.21614,2025-11-15 17:36:01.440038,0.0095032081331595
2405.13828,2025-11-15 17:36:01.440038,0.0084580773948632
2201.07207,2025-11-15 17:36:01.440038,0.0085998765334523
2304.12244,2025-11-15 17:36:01.440038,0.0089199249237469
2306.13394,2025-11-15 17:36:01.440038,0.0200238635698024
2204.06745,2025-11-15 17:36:01.440038,0.0096857109158041
2306.08568,2025-11-15 17:36:01.440038,0.0150863313895635
2306.13549,2025-11-15 17:36:01.440038,0.0221830818480015
2205.12689,2025-11-15 17:36:01.440038,0.00713179657688
2305.05658,2025-11-15 17:36:01.440038,0.0162194957205387
2402.07841,2025-11-15 17:36:01.440038,0.0086915199392024
2502.17419,2025-11-15 17:36:01.440038,0.0085130277748015
2309.01446,2025-11-15 17:36:01.440038,0.0085492789148119
2212.06094,2025-11-15 17:36:01.440038,0.0081948314448973
2210.03162,2025-11-15 17:36:01.440038,0.0074106689180259
2212.11685,2025-11-15 17:36:01.440038,0.0086669196791296
2209.07118,2025-11-15 17:36:01.440038,0.0071896060907479
2402.11651,2025-11-15 17:36:01.440038,0.0084127301429808
2401.10034,2025-11-15 17:36:01.440038,0.0449341405991288
2305.14982,2025-11-15 17:36:01.440038,0.0090307407340788
2206.05395,2025-11-15 17:36:01.440038,0.0075941787875165
2207.10245,2025-11-15 17:36:01.440038,0.0082116388919036
2410.08851,2025-11-15 17:36:01.440038,0.0083571138840682
2309.13734,2025-11-15 17:36:01.440038,0.0089854558669667
2504.07887,2025-11-15 17:36:01.440038,0.0083515359825942
2402.04477,2025-11-15 17:36:01.440038,0.0084057637931622
2406.11193,2025-11-15 17:36:01.440038,0.0094529304719734
2204.05717,2025-11-15 17:36:01.440038,0.0076025360200683
2306.06371,2025-11-15 17:36:01.440038,0.0106170457535417
2207.08179,2025-11-15 17:36:01.440038,0.0078994003302946
2211.11678,2025-11-15 17:36:01.440038,0.0081726478168465
2309.04041,2025-11-15 17:36:01.440038,0.0079082851921822
2404.16891,2025-11-15 17:36:01.440038,0.0086882842369669
2205.11601,2025-11-15 17:36:01.440038,0.0081788487573833
2507.03435,2025-11-15 17:36:01.440038,0.0090533595329286
2403.15062,2025-11-15 17:36:01.440038,0.0090644535095986
2407.20046,2025-11-15 17:36:01.440038,0.0096192675997342
2310.10159,2025-11-15 17:36:01.440038,0.0086440725522581
2312.05434,2025-11-15 17:36:01.440038,0.0091143633573637
2311.04124,2025-11-15 17:36:01.440038,0.0086437693143988
2311.05741,2025-11-15 17:36:01.440038,0.0116344680406369
2306.15498,2025-11-15 17:36:01.440038,0.0078991932311051
2312.06056,2025-11-15 17:36:01.440038,0.008982786965702
2310.19671,2025-11-15 17:36:01.440038,0.008579812609059
2212.03812,2025-11-15 17:36:01.440038,0.0079850385431915
2405.19266,2025-11-15 17:36:01.440038,0.0082142789614385
2311.0889,2025-11-15 17:36:01.440038,0.0083048731736001
2312.12141,2025-11-15 17:36:01.440038,0.0087154780559297
2205.15231,2025-11-15 17:36:01.440038,0.0085643034578934
2205.06644,2025-11-15 17:36:01.440038,0.0081761905986832
2503.21676,2025-11-15 17:36:01.440038,0.0079128216646227
2312.00249,2025-11-15 17:36:01.440038,0.0076857783907406
2310.15941,2025-11-15 17:36:01.440038,0.0087439170560082
2507.02768,2025-11-15 17:36:01.440038,0.0083373500170015
2405.11357,2025-11-15 17:36:01.440038,0.0087371519010884
2309.04041,2025-11-15 17:36:01.448749,0.0087814571870052
2406.11193,2025-11-15 17:36:01.448749,0.0087814571870052
2204.05717,2025-11-15 17:36:01.448749,0.0087814571870052
2306.06371,2025-11-15 17:36:01.448749,0.0119746722847177
2207.08179,2025-11-15 17:36:01.448749,0.0087814571870052
2404.16891,2025-11-15 17:36:01.448749,0.0087814571870052
2402.04477,2025-11-15 17:36:01.448749,0.0087814571870052
2211.11678,2025-11-15 17:36:01.448749,0.0087814571870052
2310.10159,2025-11-15 17:36:01.448749,0.0087814571870052
2504.07887,2025-11-15 17:36:01.448749,0.0087814571870052
2306.15498,2025-11-15 17:36:01.448749,0.0087814571870052
2410.08851,2025-11-15 17:36:01.448749,0.0087814571870052
2207.10245,2025-11-15 17:36:01.448749,0.0087814571870052
2206.05395,2025-11-15 17:36:01.448749,0.0087814571870052
2403.15062,2025-11-15 17:36:01.448749,0.0087814571870052
2407.20046,2025-11-15 17:36:01.448749,0.0087814571870052
2312.05434,2025-11-15 17:36:01.448749,0.0087814571870052
2205.15231,2025-11-15 17:36:01.448749,0.0087814571870052
2503.21676,2025-11-15 17:36:01.448749,0.0087814571870052
2507.03435,2025-11-15 17:36:01.448749,0.0087814571870052
2405.11357,2025-11-15 17:36:01.448749,0.0087814571870052
2309.13734,2025-11-15 17:36:01.448749,0.0087814571870052
2407.01505,2025-11-15 17:36:01.448749,0.0087814571870052
2404.17,2025-11-15 17:36:01.448749,0.0087814571870052
2308.16118,2025-11-15 17:36:01.448749,0.0087814571870052
2310.15941,2025-11-15 17:36:01.448749,0.0087814571870052
2409.15188,2025-11-15 17:36:01.448749,0.0087814571870052
2408.1304,2025-11-15 17:36:01.448749,0.0087814571870052
2502.19573,2025-11-15 17:36:01.448749,0.0087814571870052
2507.12472,2025-11-15 17:36:01.448749,0.0087814571870052
2310.18357,2025-11-15 17:36:01.448749,0.0087814571870052
2310.14025,2025-11-15 17:36:01.448749,0.0087814571870052
2406.13718,2025-11-15 17:36:01.448749,0.0087814571870052
2406.0205,2025-11-15 17:36:01.448749,0.0087814571870052
2410.20238,2025-11-15 17:36:01.448749,0.0112696419688677
2405.13828,2025-11-15 17:36:01.448749,0.0087814571870052
2412.11937,2025-11-15 17:36:01.448749,0.0087814571870052
2409.11353,2025-11-15 17:36:01.448749,0.0087814571870052
2402.14679,2025-11-15 17:36:01.448749,0.0087814571870052
2503.0183,2025-11-15 17:36:01.448749,0.0087814571870052
2310.02457,2025-11-15 17:36:01.448749,0.0225912843752426
2403.13369,2025-11-15 17:36:01.448749,0.0087814571870052
2508.19294,2025-11-15 17:36:01.448749,0.0087814571870052
2211.02956,2025-11-15 17:36:01.448749,0.0087814571870052
2311.01825,2025-11-15 17:36:01.448749,0.0087814571870052
2501.07653,2025-11-15 17:36:01.448749,0.0087814571870052
2212.00851,2025-11-15 17:36:01.448749,0.0087814571870052
2407.08029,2025-11-15 17:36:01.448749,0.0087814571870052
2312.00249,2025-11-15 17:36:01.448749,0.0087814571870052
2212.06094,2025-11-15 17:36:01.448749,0.0087814571870052
2507.02768,2025-11-15 17:36:01.448749,0.0087814571870052
2309.02144,2025-11-15 17:36:01.448749,0.0087814571870052
2310.00034,2025-11-15 17:36:01.448749,0.0087814571870052
2206.08082,2025-11-15 17:36:01.448749,0.0087814571870052
2209.07118,2025-11-15 17:36:01.448749,0.0087814571870052
2503.21614,2025-11-15 17:36:01.448749,0.0087814571870052
2212.11685,2025-11-15 17:36:01.448749,0.0087814571870052
2210.03162,2025-11-15 17:36:01.448749,0.0087814571870052
2401.10034,2025-11-15 17:36:01.448749,0.044122744163044
2309.01446,2025-11-15 17:36:01.448749,0.0087814571870052
2502.17419,2025-11-15 17:36:01.448749,0.0087814571870052
2402.07841,2025-11-15 17:36:01.448749,0.0087814571870052
2305.05658,2025-11-15 17:36:01.448749,0.0160594646154364
2205.12689,2025-11-15 17:36:01.448749,0.0087814571870052
2306.13549,2025-11-15 17:36:01.448749,0.025406569080707
2306.08568,2025-11-15 17:36:01.448749,0.0157069494575114
2204.06745,2025-11-15 17:36:01.448749,0.0112696419688677
2306.13394,2025-11-15 17:36:01.448749,0.0195742816326675
2304.12244,2025-11-15 17:36:01.448749,0.0087814571870052
2201.07207,2025-11-15 17:36:01.448749,0.0087814571870052
2204.01691,2025-11-15 17:36:01.448749,0.0112696419688677
2403.14702,2025-11-15 17:36:01.448749,0.0087814571870052
2305.07766,2025-11-15 17:36:01.448749,0.0087814571870052
2402.148,2025-11-15 17:36:01.448749,0.0087814571870052
2211.03263,2025-11-15 17:36:01.448749,0.0087814571870052
2204.02515,2025-11-15 17:36:01.448749,0.0087814571870052
2311.0889,2025-11-15 17:36:01.448749,0.0087814571870052
2405.19266,2025-11-15 17:36:01.448749,0.0087814571870052
2312.12141,2025-11-15 17:36:01.448749,0.0087814571870052
2212.03812,2025-11-15 17:36:01.448749,0.0087814571870052
2310.19671,2025-11-15 17:36:01.448749,0.0087814571870052
2312.06056,2025-11-15 17:36:01.448749,0.0087814571870052
2311.05741,2025-11-15 17:36:01.448749,0.0112696419688677
2311.04124,2025-11-15 17:36:01.448749,0.0087814571870052
2305.14982,2025-11-15 17:36:01.448749,0.0087814571870052
2205.11601,2025-11-15 17:36:01.448749,0.0087814571870052
2205.06644,2025-11-15 17:36:01.448749,0.0087814571870052
2402.11651,2025-11-15 17:36:01.448749,0.0087814571870052
2307.12114,2025-11-15 17:36:01.448749,0.0119746722847177
2310.00905,2025-11-15 17:36:01.448749,0.0087814571870052
2402.09977,2025-11-15 17:36:01.448749,0.0087814571870052
2306.12174,2025-11-15 17:36:01.448749,0.0087814571870052
2310.05189,2025-11-15 17:36:01.448749,0.0112696419688677
2210.04186,2025-11-15 17:36:01.448749,0.0087814571870052
2204.14146,2025-11-15 17:36:01.448749,0.0162460115325926
2308.16149,2025-11-15 17:36:01.448749,0.0087814571870052
2402.12065,2025-11-15 17:36:01.448749,0.0087814571870052
2305.18098,2025-11-15 17:36:01.448749,0.0087814571870052
2305.14257,2025-11-15 17:36:01.448749,0.0135712798335739
2304.10464,2025-11-15 17:36:01.448749,0.0087814571870052
2204.01691,2025-11-15 18:13:42.534746,0.011269641968867728
2201.07207,2025-11-15 18:13:42.534746,0.008781457187005258
2304.12244,2025-11-15 18:13:42.534746,0.008781457187005258
2306.13394,2025-11-15 18:13:42.534746,0.019574281632667584
2204.06745,2025-11-15 18:13:42.534746,0.011269641968867728
2306.08568,2025-11-15 18:13:42.534746,0.015706949457511436
2306.13549,2025-11-15 18:13:42.534746,0.025406569080707087
2205.12689,2025-11-15 18:13:42.534746,0.008781457187005258
2305.05658,2025-11-15 18:13:42.534746,0.016059464615436433
2402.07841,2025-11-15 18:13:42.534746,0.008781457187005258
2502.17419,2025-11-15 18:13:42.534746,0.008781457187005258
2309.01446,2025-11-15 18:13:42.534746,0.008781457187005258
2212.06094,2025-11-15 18:13:42.534746,0.008781457187005258
2401.10034,2025-11-15 18:13:42.534746,0.04412274416304407
2210.03162,2025-11-15 18:13:42.534746,0.008781457187005258
2212.11685,2025-11-15 18:13:42.534746,0.008781457187005258
2503.21614,2025-11-15 18:13:42.534746,0.008781457187005258
2209.07118,2025-11-15 18:13:42.534746,0.008781457187005258
2206.08082,2025-11-15 18:13:42.534746,0.008781457187005258
2310.00034,2025-11-15 18:13:42.534746,0.008781457187005258
2309.02144,2025-11-15 18:13:42.534746,0.008781457187005258
2305.07766,2025-11-15 18:13:42.534746,0.008781457187005258
2402.148,2025-11-15 18:13:42.534746,0.008781457187005258
2211.03263,2025-11-15 18:13:42.534746,0.008781457187005258
2204.02515,2025-11-15 18:13:42.534746,0.008781457187005258
2305.18098,2025-11-15 18:13:42.534746,0.008781457187005258
2402.12065,2025-11-15 18:13:42.534746,0.008781457187005258
2308.16149,2025-11-15 18:13:42.534746,0.008781457187005258
2204.14146,2025-11-15 18:13:42.534746,0.016246011532592676
2210.04186,2025-11-15 18:13:42.534746,0.008781457187005258
2310.05189,2025-11-15 18:13:42.534746,0.011269641968867728
2306.12174,2025-11-15 18:13:42.534746,0.008781457187005258
2402.09977,2025-11-15 18:13:42.534746,0.008781457187005258
2310.00905,2025-11-15 18:13:42.534746,0.008781457187005258
2307.12114,2025-11-15 18:13:42.534746,0.011974672284717724
2305.14257,2025-11-15 18:13:42.534746,0.013571279833573958
2402.11651,2025-11-15 18:13:42.534746,0.008781457187005258
2205.11601,2025-11-15 18:13:42.534746,0.008781457187005258
2305.14982,2025-11-15 18:13:42.534746,0.008781457187005258
2311.04124,2025-11-15 18:13:42.534746,0.008781457187005258
2311.05741,2025-11-15 18:13:42.534746,0.011269641968867728
2312.06056,2025-11-15 18:13:42.534746,0.008781457187005258
2310.19671,2025-11-15 18:13:42.534746,0.008781457187005258
2212.03812,2025-11-15 18:13:42.534746,0.008781457187005258
2312.12141,2025-11-15 18:13:42.534746,0.008781457187005258
2405.19266,2025-11-15 18:13:42.534746,0.008781457187005258
2311.0889,2025-11-15 18:13:42.534746,0.008781457187005258
2507.02768,2025-11-15 18:13:42.534746,0.008781457187005258
2205.06644,2025-11-15 18:13:42.534746,0.008781457187005258
2312.00249,2025-11-15 18:13:42.534746,0.008781457187005258
2310.15941,2025-11-15 18:13:42.534746,0.008781457187005258
2405.11357,2025-11-15 18:13:42.534746,0.008781457187005258
2503.21676,2025-11-15 18:13:42.534746,0.008781457187005258
2205.15231,2025-11-15 18:13:42.534746,0.008781457187005258
2312.05434,2025-11-15 18:13:42.534746,0.008781457187005258
2306.15498,2025-11-15 18:13:42.534746,0.008781457187005258
2407.20046,2025-11-15 18:13:42.534746,0.008781457187005258
2403.15062,2025-11-15 18:13:42.534746,0.008781457187005258
2206.05395,2025-11-15 18:13:42.534746,0.008781457187005258
2207.10245,2025-11-15 18:13:42.534746,0.008781457187005258
2410.08851,2025-11-15 18:13:42.534746,0.008781457187005258
2309.13734,2025-11-15 18:13:42.534746,0.008781457187005258
2504.07887,2025-11-15 18:13:42.534746,0.008781457187005258
2402.04477,2025-11-15 18:13:42.534746,0.008781457187005258
2406.11193,2025-11-15 18:13:42.534746,0.008781457187005258
2204.05717,2025-11-15 18:13:42.534746,0.008781457187005258
2310.10159,2025-11-15 18:13:42.534746,0.008781457187005258
2306.06371,2025-11-15 18:13:42.534746,0.011974672284717724
2207.08179,2025-11-15 18:13:42.534746,0.008781457187005258
2211.11678,2025-11-15 18:13:42.534746,0.008781457187005258
2309.04041,2025-11-15 18:13:42.534746,0.008781457187005258
2404.16891,2025-11-15 18:13:42.534746,0.008781457187005258
2507.03435,2025-11-15 18:13:42.534746,0.008781457187005258
2407.01505,2025-11-15 18:13:42.534746,0.008781457187005258
2405.13828,2025-11-15 18:13:42.534746,0.008781457187005258
2308.16118,2025-11-15 18:13:42.534746,0.008781457187005258
2212.00851,2025-11-15 18:13:42.534746,0.008781457187005258
2501.07653,2025-11-15 18:13:42.534746,0.008781457187005258
2311.01825,2025-11-15 18:13:42.534746,0.008781457187005258
2211.02956,2025-11-15 18:13:42.534746,0.008781457187005258
2508.19294,2025-11-15 18:13:42.534746,0.008781457187005258
2403.13369,2025-11-15 18:13:42.534746,0.008781457187005258
2310.02457,2025-11-15 18:13:42.534746,0.02259128437524264
2503.0183,2025-11-15 18:13:42.534746,0.008781457187005258
2402.14679,2025-11-15 18:13:42.534746,0.008781457187005258
2409.11353,2025-11-15 18:13:42.534746,0.008781457187005258
2407.08029,2025-11-15 18:13:42.534746,0.008781457187005258
2412.11937,2025-11-15 18:13:42.534746,0.008781457187005258
2410.20238,2025-11-15 18:13:42.534746,0.011269641968867728
2406.0205,2025-11-15 18:13:42.534746,0.008781457187005258
2404.17,2025-11-15 18:13:42.534746,0.008781457187005258
2406.13718,2025-11-15 18:13:42.534746,0.008781457187005258
2310.14025,2025-11-15 18:13:42.534746,0.008781457187005258
2310.18357,2025-11-15 18:13:42.534746,0.008781457187005258
2507.12472,2025-11-15 18:13:42.534746,0.008781457187005258
2502.19573,2025-11-15 18:13:42.534746,0.008781457187005258
2408.1304,2025-11-15 18:13:42.534746,0.008781457187005258
2409.15188,2025-11-15 18:13:42.534746,0.008781457187005258
2403.14702,2025-11-15 18:13:42.534746,0.008781457187005258
2304.10464,2025-11-15 18:13:42.534746,0.008781457187005258
