community_id,paper_count,avg_citations,max_citations,total_citations,avg_pagerank,max_pagerank,cross_community_links,exploration_score,density
37,1,2424.0,2424,2424,0.0112696419688677,0.0112696419688677,0,13.658806066267653,0.0
43,1,861.0,861,861,0.025406569080707,0.025406569080707,0,10.937527989244364,0.0
40,1,1111.0,1111,1111,0.0195742816326675,0.0195742816326675,0,10.873513446946797,0.0
42,1,813.0,813,813,0.0157069494575114,0.0157069494575114,0,6.384874954478385,0.0
41,1,921.0,921,921,0.0112696419688677,0.0112696419688677,0,5.189670126663576,0.0
45,1,365.0,365,365,0.0160594646154364,0.0160594646154364,0,2.9308522923171427,0.0
50,1,112.0,112,112,0.044122744163044,0.044122744163044,0,2.470873673130464,0.0
65,1,54.0,54,54,0.0162460115325926,0.0162460115325926,0,0.4386423113800002,0.0
67,1,50.0,50,50,0.0112696419688677,0.0112696419688677,0,0.2817410492216925,0.0
