arxiv_id,display_label
2204.01691,P0
2201.07207,P1
2304.12244,P2
2306.13394,P3
2204.06745,P4
2306.08568,P5
2306.13549,P6
2205.12689,P7
2305.05658,P8
2402.07841,P9
2502.17419,P10
2309.01446,P11
2212.06094,P12
2401.10034,P13
2210.03162,P14
2212.11685,P15
2503.21614,P16
2209.07118,P17
2206.08082,P18
2310.00034,P19
2309.02144,P20
2305.07766,P21
2402.148,P22
2211.03263,P23
2204.02515,P24
2305.18098,P25
2402.12065,P26
2308.16149,P27
2204.14146,P28
2210.04186,P29
2310.05189,P30
2306.12174,P31
2402.09977,P32
2310.00905,P33
2307.12114,P34
2305.14257,P35
2402.11651,P36
2205.11601,P37
2305.14982,P38
2311.04124,P39
2311.05741,P40
2312.06056,P41
2310.19671,P42
2212.03812,P43
2312.12141,P44
2405.19266,P45
2311.0889,P46
2507.02768,P47
2205.06644,P48
2312.00249,P49
2310.15941,P50
2405.11357,P51
2503.21676,P52
2205.15231,P53
2312.05434,P54
2306.15498,P55
2407.20046,P56
2403.15062,P57
2206.05395,P58
2207.10245,P59
2410.08851,P60
2309.13734,P61
2504.07887,P62
2402.04477,P63
2406.11193,P64
2204.05717,P65
2310.10159,P66
2306.06371,P67
2207.08179,P68
2211.11678,P69
2309.04041,P70
2404.16891,P71
2507.03435,P72
2407.01505,P73
2405.13828,P74
2308.16118,P75
2212.00851,P76
2501.07653,P77
2311.01825,P78
2211.02956,P79
2508.19294,P80
2403.13369,P81
2310.02457,P82
2503.0183,P83
2402.14679,P84
2409.11353,P85
2407.08029,P86
2412.11937,P87
2410.20238,P88
2406.0205,P89
2404.17,P90
2406.13718,P91
2310.14025,P92
2310.18357,P93
2507.12472,P94
2502.19573,P95
2408.1304,P96
2409.15188,P97
2403.14702,P98
2304.10464,P99
